-- FOOD CATEGORY
INSERT INTO food_category (category_id, name) VALUES (1, 'Soups, Sauces, and Gravies');
INSERT INTO food_category (category_id, name) VALUES (2, 'Unknown');
INSERT INTO food_category (category_id, name) VALUES (3, 'Frozen Vegetables');
INSERT INTO food_category (category_id, name) VALUES (4, 'Breads & Buns');
INSERT INTO food_category (category_id, name) VALUES (5, 'Popcorn, Peanuts, Seeds & Related Snacks');
INSERT INTO food_category (category_id, name) VALUES (6, 'Pre-Packaged Fruit & Vegetables');
INSERT INTO food_category (category_id, name) VALUES (7, 'Protein and nutritional powders');

-- FOOD
INSERT INTO food (fdc_id, data_type, description, category_id) VALUES (172899, 'SR Legacy', 'Soup, HEALTHY CHOICE Chicken and Rice Soup, canned', 1);
INSERT INTO food (fdc_id, data_type, description, category_id) VALUES (174545, 'SR Legacy', 'Soup, HEALTHY CHOICE Chicken Noodle Soup, canned', 1);
INSERT INTO food (fdc_id, data_type, description, category_id) VALUES (172900, 'SR Legacy', 'Soup, HEALTHY CHOICE Garden Vegetable Soup, canned', 1);
INSERT INTO food (fdc_id, data_type, description, category_id) VALUES (2265120, 'Experimental', 'Fecal Bacteria as Biomarkers for Predicting Food Intake in Healthy Adults', 2);
INSERT INTO food (fdc_id, data_type, description, category_id) VALUES (2353612, 'Experimental', 'Fecal metatranscriptomics and glycomics suggest that bovine milk oligosaccharides are fully utilized by healthy adults', 2);
INSERT INTO food (fdc_id, data_type, description, category_id) VALUES (1105902, 'Experimental', 'Walnuts Consumed by Healthy Adults Provide Less Available Energy than Predicted by the Atwater Factors', 2);
INSERT INTO food (fdc_id, data_type, description, category_id) VALUES (2644273, 'Experimental', 'Trimethylamine N-Oxide Response to a Mixed Macronutrient Tolerance Test in a Cohort of Healthy United States Adults', 2);
INSERT INTO food (fdc_id, data_type, description, category_id) VALUES (2644274, 'Experimental', 'Dietary Intake of Monosaccharides from Foods is Associated with Characteristics of the Gut Microbiota and Gastrointestinal Inflammation in Healthy US Adults', 2);
INSERT INTO food (fdc_id, data_type, description, category_id) VALUES (2353616, 'Experimental', 'Oleocanthal-rich extra virgin olive oil demonstrates acute anti-platelet effects in healthy men in a randomized trial', 2);
INSERT INTO food (fdc_id, data_type, description, category_id) VALUES (2644276, 'Experimental', 'SNPs in apolipoproteins contribute to sex-dependent differences in blood lipids before and after a high-fat dietary challenge in healthy U.S. adults', 2);
INSERT INTO food (fdc_id, data_type, description, category_id) VALUES (2353613, 'Experimental', 'Tree-Based Analysis of Dietary Diversity Captures Associations Between Fiber Intake and Gut Microbiota Composition in a Healthy US Adult Cohort', 2);
INSERT INTO food (fdc_id, data_type, description, category_id) VALUES (2504695, 'Branded', 'HEALTHY ORGANIC BLEND, HEALTHY', 3);
INSERT INTO food (fdc_id, data_type, description, category_id) VALUES (2373862, 'Branded', 'HEALTHY GRAINS BREAD, HEALTHY GRAINS', 4);
INSERT INTO food (fdc_id, data_type, description, category_id) VALUES (1903579, 'Branded', 'HEALTHY MIX', 5);
INSERT INTO food (fdc_id, data_type, description, category_id) VALUES (579621, 'Branded', 'HEALTHY MUSHROOMS', 6);
INSERT INTO food (fdc_id, data_type, description, category_id) VALUES (2533750, 'Branded', 'HEALTHY POPMINIS MICROWAVE POPCORN, HEALTHY POPMINIS', 5);
INSERT INTO food (fdc_id, data_type, description, category_id) VALUES (2389933, 'Branded', 'HEALTHY MULTI-GRAIN BREAD, HEALTHY MULTI-GRAIN', 4);
INSERT INTO food (fdc_id, data_type, description, category_id) VALUES (2679967, 'Branded', 'HEALTHY MULTI-GRAIN BREAD, HEALTHY MULTI-GRAIN', 4);
INSERT INTO food (fdc_id, data_type, description, category_id) VALUES (2710733, 'Survey (FNDDS)', 'Nutritional powder mix, high protein (Herbalife)', 7);
INSERT INTO food (fdc_id, data_type, description, category_id) VALUES (2664340, 'Branded', 'CRANBERRY HEALTHY MIX', 5);

-- FOOD NUTRIENTS
INSERT INTO food_nutrient (nutrient, amount, fdc_id) VALUES ('Protein', 2.53, 172899);
INSERT INTO food_nutrient (nutrient, amount, fdc_id) VALUES ('Ash', 0.9, 172899);
INSERT INTO food_nutrient (nutrient, amount, fdc_id) VALUES ('Energy', 156, 172899);
INSERT INTO food_nutrient (nutrient, amount, fdc_id) VALUES ('Fiber, total dietary', 0.8, 172899);
INSERT INTO food_nutrient (nutrient, amount, fdc_id) VALUES ('Iron, Fe', 0.09, 172899);
INSERT INTO food_nutrient (nutrient, amount, fdc_id) VALUES ('Sodium, Na', 181, 172899);
INSERT INTO food_nutrient (nutrient, amount, fdc_id) VALUES ('Vitamin A, IU', 334, 172899);
INSERT INTO food_nutrient (nutrient, amount, fdc_id) VALUES ('Vitamin C, total ascorbic acid', 1.0, 172899);
INSERT INTO food_nutrient (nutrient, amount, fdc_id) VALUES ('Cholesterol', 7.0, 172899);
INSERT INTO food_nutrient (nutrient, amount, fdc_id) VALUES ('Fatty acids, total trans', 0, 172899);
INSERT INTO food_nutrient (nutrient, amount, fdc_id) VALUES ('Fatty acids, total saturated', 0.17, 172899);
INSERT INTO food_nutrient (nutrient, amount, fdc_id) VALUES ('Total lipid (fat)', 0.55, 172899);
INSERT INTO food_nutrient (nutrient, amount, fdc_id) VALUES ('Carbohydrate, by difference', 5.71, 172899);
INSERT INTO food_nutrient (nutrient, amount, fdc_id) VALUES ('Energy', 37.0, 172899);
INSERT INTO food_nutrient (nutrient, amount, fdc_id) VALUES ('Water', 90.3, 172899);
INSERT INTO food_nutrient (nutrient, amount, fdc_id) VALUES ('Total Sugars', 0.37, 172899);
INSERT INTO food_nutrient (nutrient, amount, fdc_id) VALUES ('Calcium, Ca', 15.0, 172899);
INSERT INTO food_nutrient (nutrient, amount, fdc_id) VALUES ('Fatty acids, total monounsaturated', 0.23, 172899);
INSERT INTO food_nutrient (nutrient, amount, fdc_id) VALUES ('Fatty acids, total polyunsaturated', 0.13, 172899);
INSERT INTO food_nutrient (nutrient, amount, fdc_id) VALUES ('Total lipid (fat)', 0.63, 174545);
INSERT INTO food_nutrient (nutrient, amount, fdc_id) VALUES ('Carbohydrate, by difference', 5.2, 174545);
INSERT INTO food_nutrient (nutrient, amount, fdc_id) VALUES ('Energy', 41.0, 174545);
INSERT INTO food_nutrient (nutrient, amount, fdc_id) VALUES ('Water', 89.7, 174545);
INSERT INTO food_nutrient (nutrient, amount, fdc_id) VALUES ('Total Sugars', 0.57, 174545);
INSERT INTO food_nutrient (nutrient, amount, fdc_id) VALUES ('Calcium, Ca', 8.0, 174545);
INSERT INTO food_nutrient (nutrient, amount, fdc_id) VALUES ('Fatty acids, total monounsaturated', 0, 174545);
INSERT INTO food_nutrient (nutrient, amount, fdc_id) VALUES ('Fatty acids, total polyunsaturated', 0.18, 174545);
INSERT INTO food_nutrient (nutrient, amount, fdc_id) VALUES ('Protein', 3.69, 174545);
INSERT INTO food_nutrient (nutrient, amount, fdc_id) VALUES ('Ash', 0.75, 174545);
INSERT INTO food_nutrient (nutrient, amount, fdc_id) VALUES ('Energy', 173, 174545);
INSERT INTO food_nutrient (nutrient, amount, fdc_id) VALUES ('Fiber, total dietary', 0.8, 174545);
INSERT INTO food_nutrient (nutrient, amount, fdc_id) VALUES ('Iron, Fe', 0, 174545);
INSERT INTO food_nutrient (nutrient, amount, fdc_id) VALUES ('Sodium, Na', 195, 174545);
INSERT INTO food_nutrient (nutrient, amount, fdc_id) VALUES ('Vitamin A, IU', 568, 174545);
INSERT INTO food_nutrient (nutrient, amount, fdc_id) VALUES ('Vitamin C, total ascorbic acid', 0, 174545);
INSERT INTO food_nutrient (nutrient, amount, fdc_id) VALUES ('Cholesterol', 5.0, 174545);
INSERT INTO food_nutrient (nutrient, amount, fdc_id) VALUES ('Fatty acids, total trans', 0, 174545);
INSERT INTO food_nutrient (nutrient, amount, fdc_id) VALUES ('Fatty acids, total saturated', 0.4, 174545);
INSERT INTO food_nutrient (nutrient, amount, fdc_id) VALUES ('Total lipid (fat)', 0.21, 172900);
INSERT INTO food_nutrient (nutrient, amount, fdc_id) VALUES ('Carbohydrate, by difference', 10.0, 172900);
INSERT INTO food_nutrient (nutrient, amount, fdc_id) VALUES ('Energy', 51.0, 172900);
INSERT INTO food_nutrient (nutrient, amount, fdc_id) VALUES ('Water', 86.8, 172900);
INSERT INTO food_nutrient (nutrient, amount, fdc_id) VALUES ('Total Sugars', 2.13, 172900);
INSERT INTO food_nutrient (nutrient, amount, fdc_id) VALUES ('Calcium, Ca', 16.0, 172900);
INSERT INTO food_nutrient (nutrient, amount, fdc_id) VALUES ('Fatty acids, total monounsaturated', 0.07, 172900);
INSERT INTO food_nutrient (nutrient, amount, fdc_id) VALUES ('Fatty acids, total polyunsaturated', 0.08, 172900);
INSERT INTO food_nutrient (nutrient, amount, fdc_id) VALUES ('Protein', 2.13, 172900);
INSERT INTO food_nutrient (nutrient, amount, fdc_id) VALUES ('Ash', 0.8, 172900);
INSERT INTO food_nutrient (nutrient, amount, fdc_id) VALUES ('Energy', 212, 172900);
INSERT INTO food_nutrient (nutrient, amount, fdc_id) VALUES ('Fiber, total dietary', 1.9, 172900);
INSERT INTO food_nutrient (nutrient, amount, fdc_id) VALUES ('Iron, Fe', 0, 172900);
INSERT INTO food_nutrient (nutrient, amount, fdc_id) VALUES ('Sodium, Na', 195, 172900);
INSERT INTO food_nutrient (nutrient, amount, fdc_id) VALUES ('Vitamin A, IU', 618, 172900);
INSERT INTO food_nutrient (nutrient, amount, fdc_id) VALUES ('Vitamin C, total ascorbic acid', 1.0, 172900);
INSERT INTO food_nutrient (nutrient, amount, fdc_id) VALUES ('Cholesterol', 1.0, 172900);
INSERT INTO food_nutrient (nutrient, amount, fdc_id) VALUES ('Fatty acids, total saturated', 0.05, 172900);
INSERT INTO food_nutrient (nutrient, amount, fdc_id) VALUES ('Protein', 4.82, 2504695);
INSERT INTO food_nutrient (nutrient, amount, fdc_id) VALUES ('Total lipid (fat)', 1.81, 2504695);
INSERT INTO food_nutrient (nutrient, amount, fdc_id) VALUES ('Carbohydrate, by difference', 12.0, 2504695);
INSERT INTO food_nutrient (nutrient, amount, fdc_id) VALUES ('Energy', 84.0, 2504695);
INSERT INTO food_nutrient (nutrient, amount, fdc_id) VALUES ('Total Sugars', 3.61, 2504695);
INSERT INTO food_nutrient (nutrient, amount, fdc_id) VALUES ('Fiber, total dietary', 3.6, 2504695);
INSERT INTO food_nutrient (nutrient, amount, fdc_id) VALUES ('Calcium, Ca', 24.0, 2504695);
INSERT INTO food_nutrient (nutrient, amount, fdc_id) VALUES ('Iron, Fe', 0.87, 2504695);
INSERT INTO food_nutrient (nutrient, amount, fdc_id) VALUES ('Sodium, Na', 54.0, 2504695);
INSERT INTO food_nutrient (nutrient, amount, fdc_id) VALUES ('Vitamin A, IU', 4820.0, 2504695);
INSERT INTO food_nutrient (nutrient, amount, fdc_id) VALUES ('Vitamin C, total ascorbic acid', 4.3, 2504695);
INSERT INTO food_nutrient (nutrient, amount, fdc_id) VALUES ('Cholesterol', 0, 2504695);
INSERT INTO food_nutrient (nutrient, amount, fdc_id) VALUES ('Fatty acids, total trans', 0, 2504695);
INSERT INTO food_nutrient (nutrient, amount, fdc_id) VALUES ('Fatty acids, total saturated', 0, 2504695);
INSERT INTO food_nutrient (nutrient, amount, fdc_id) VALUES ('Protein', 11.6, 2373862);
INSERT INTO food_nutrient (nutrient, amount, fdc_id) VALUES ('Total lipid (fat)', 3.49, 2373862);
INSERT INTO food_nutrient (nutrient, amount, fdc_id) VALUES ('Carbohydrate, by difference', 44.2, 2373862);
INSERT INTO food_nutrient (nutrient, amount, fdc_id) VALUES ('Energy', 233, 2373862);
INSERT INTO food_nutrient (nutrient, amount, fdc_id) VALUES ('Total Sugars', 2.33, 2373862);
INSERT INTO food_nutrient (nutrient, amount, fdc_id) VALUES ('Fiber, total dietary', 7.0, 2373862);
INSERT INTO food_nutrient (nutrient, amount, fdc_id) VALUES ('Calcium, Ca', 326, 2373862);
INSERT INTO food_nutrient (nutrient, amount, fdc_id) VALUES ('Iron, Fe', 2.33, 2373862);
INSERT INTO food_nutrient (nutrient, amount, fdc_id) VALUES ('Potassium, K', 256, 2373862);
INSERT INTO food_nutrient (nutrient, amount, fdc_id) VALUES ('Sodium, Na', 442, 2373862);
INSERT INTO food_nutrient (nutrient, amount, fdc_id) VALUES ('Vitamin D (D2 + D3), International Units', 0, 2373862);
INSERT INTO food_nutrient (nutrient, amount, fdc_id) VALUES ('Sugars, added', 2.3, 2373862);
INSERT INTO food_nutrient (nutrient, amount, fdc_id) VALUES ('Cholesterol', 0, 2373862);
INSERT INTO food_nutrient (nutrient, amount, fdc_id) VALUES ('Fatty acids, total trans', 0, 2373862);
INSERT INTO food_nutrient (nutrient, amount, fdc_id) VALUES ('Fatty acids, total saturated', 0, 2373862);
INSERT INTO food_nutrient (nutrient, amount, fdc_id) VALUES ('Protein', 10.6, 1903579);
INSERT INTO food_nutrient (nutrient, amount, fdc_id) VALUES ('Total lipid (fat)', 28.2, 1903579);
INSERT INTO food_nutrient (nutrient, amount, fdc_id) VALUES ('Carbohydrate, by difference', 52.9, 1903579);
INSERT INTO food_nutrient (nutrient, amount, fdc_id) VALUES ('Energy', 494, 1903579);
INSERT INTO food_nutrient (nutrient, amount, fdc_id) VALUES ('Total Sugars', 28.2, 1903579);
INSERT INTO food_nutrient (nutrient, amount, fdc_id) VALUES ('Fiber, total dietary', 7.1, 1903579);
INSERT INTO food_nutrient (nutrient, amount, fdc_id) VALUES ('Calcium, Ca', 71.0, 1903579);
INSERT INTO food_nutrient (nutrient, amount, fdc_id) VALUES ('Iron, Fe', 2.54, 1903579);
INSERT INTO food_nutrient (nutrient, amount, fdc_id) VALUES ('Sodium, Na', 53.0, 1903579);
INSERT INTO food_nutrient (nutrient, amount, fdc_id) VALUES ('Vitamin A, IU', 0, 1903579);
INSERT INTO food_nutrient (nutrient, amount, fdc_id) VALUES ('Vitamin C, total ascorbic acid', 0, 1903579);
INSERT INTO food_nutrient (nutrient, amount, fdc_id) VALUES ('Cholesterol', 0, 1903579);
INSERT INTO food_nutrient (nutrient, amount, fdc_id) VALUES ('Fatty acids, total trans', 0, 1903579);
INSERT INTO food_nutrient (nutrient, amount, fdc_id) VALUES ('Fatty acids, total saturated', 3.53, 1903579);
INSERT INTO food_nutrient (nutrient, amount, fdc_id) VALUES ('Total lipid (fat)', 0, 579621);
INSERT INTO food_nutrient (nutrient, amount, fdc_id) VALUES ('Iron, Fe', 0.42, 579621);
INSERT INTO food_nutrient (nutrient, amount, fdc_id) VALUES ('Copper, Cu', 0.235, 579621);
INSERT INTO food_nutrient (nutrient, amount, fdc_id) VALUES ('Selenium, Se', 8.0, 579621);
INSERT INTO food_nutrient (nutrient, amount, fdc_id) VALUES ('Vitamin C, total ascorbic acid', 1.4, 579621);
INSERT INTO food_nutrient (nutrient, amount, fdc_id) VALUES ('Riboflavin', 0.3, 579621);
INSERT INTO food_nutrient (nutrient, amount, fdc_id) VALUES ('Pantothenic acid', 1.18, 579621);
INSERT INTO food_nutrient (nutrient, amount, fdc_id) VALUES ('Protein', 3.53, 579621);
INSERT INTO food_nutrient (nutrient, amount, fdc_id) VALUES ('Carbohydrate, by difference', 3.53, 579621);
INSERT INTO food_nutrient (nutrient, amount, fdc_id) VALUES ('Energy', 24.0, 579621);
INSERT INTO food_nutrient (nutrient, amount, fdc_id) VALUES ('Fiber, total dietary', 1.2, 579621);
INSERT INTO food_nutrient (nutrient, amount, fdc_id) VALUES ('Potassium, K', 353, 579621);
INSERT INTO food_nutrient (nutrient, amount, fdc_id) VALUES ('Sodium, Na', 18.0, 579621);
INSERT INTO food_nutrient (nutrient, amount, fdc_id) VALUES ('Protein', 8.82, 2533750);
INSERT INTO food_nutrient (nutrient, amount, fdc_id) VALUES ('Total lipid (fat)', 5.88, 2533750);
INSERT INTO food_nutrient (nutrient, amount, fdc_id) VALUES ('Carbohydrate, by difference', 67.6, 2533750);
INSERT INTO food_nutrient (nutrient, amount, fdc_id) VALUES ('Energy', 324, 2533750);
INSERT INTO food_nutrient (nutrient, amount, fdc_id) VALUES ('Total Sugars', 2.94, 2533750);
INSERT INTO food_nutrient (nutrient, amount, fdc_id) VALUES ('Fiber, total dietary', 11.8, 2533750);
INSERT INTO food_nutrient (nutrient, amount, fdc_id) VALUES ('Iron, Fe', 2.35, 2533750);
INSERT INTO food_nutrient (nutrient, amount, fdc_id) VALUES ('Sodium, Na', 941, 2533750);
INSERT INTO food_nutrient (nutrient, amount, fdc_id) VALUES ('Fatty acids, total saturated', 1.47, 2533750);
INSERT INTO food_nutrient (nutrient, amount, fdc_id) VALUES ('Protein', 11.4, 2389933);
INSERT INTO food_nutrient (nutrient, amount, fdc_id) VALUES ('Total lipid (fat)', 2.27, 2389933);
INSERT INTO food_nutrient (nutrient, amount, fdc_id) VALUES ('Carbohydrate, by difference', 43.2, 2389933);
INSERT INTO food_nutrient (nutrient, amount, fdc_id) VALUES ('Energy', 205, 2389933);
INSERT INTO food_nutrient (nutrient, amount, fdc_id) VALUES ('Total Sugars', 4.55, 2389933);
INSERT INTO food_nutrient (nutrient, amount, fdc_id) VALUES ('Fiber, total dietary', 11.4, 2389933);
INSERT INTO food_nutrient (nutrient, amount, fdc_id) VALUES ('Calcium, Ca', 114, 2389933);
INSERT INTO food_nutrient (nutrient, amount, fdc_id) VALUES ('Iron, Fe', 1.82, 2389933);
INSERT INTO food_nutrient (nutrient, amount, fdc_id) VALUES ('Potassium, K', 182, 2389933);
INSERT INTO food_nutrient (nutrient, amount, fdc_id) VALUES ('Sodium, Na', 432, 2389933);
INSERT INTO food_nutrient (nutrient, amount, fdc_id) VALUES ('Vitamin D (D2 + D3), International Units', 0, 2389933);
INSERT INTO food_nutrient (nutrient, amount, fdc_id) VALUES ('Sugars, added', 2.3, 2389933);
INSERT INTO food_nutrient (nutrient, amount, fdc_id) VALUES ('Cholesterol', 0, 2389933);
INSERT INTO food_nutrient (nutrient, amount, fdc_id) VALUES ('Fatty acids, total trans', 0, 2389933);
INSERT INTO food_nutrient (nutrient, amount, fdc_id) VALUES ('Fatty acids, total saturated', 0, 2389933);
INSERT INTO food_nutrient (nutrient, amount, fdc_id) VALUES ('Fatty acids, total monounsaturated', 0, 2389933);
INSERT INTO food_nutrient (nutrient, amount, fdc_id) VALUES ('Fatty acids, total polyunsaturated', 0, 2389933);
INSERT INTO food_nutrient (nutrient, amount, fdc_id) VALUES ('Protein', 11.4, 2679967);
INSERT INTO food_nutrient (nutrient, amount, fdc_id) VALUES ('Total lipid (fat)', 2.27, 2679967);
INSERT INTO food_nutrient (nutrient, amount, fdc_id) VALUES ('Carbohydrate, by difference', 43.2, 2679967);
INSERT INTO food_nutrient (nutrient, amount, fdc_id) VALUES ('Energy', 205, 2679967);
INSERT INTO food_nutrient (nutrient, amount, fdc_id) VALUES ('Total Sugars', 4.55, 2679967);
INSERT INTO food_nutrient (nutrient, amount, fdc_id) VALUES ('Fiber, total dietary', 11.4, 2679967);
INSERT INTO food_nutrient (nutrient, amount, fdc_id) VALUES ('Calcium, Ca', 114, 2679967);
INSERT INTO food_nutrient (nutrient, amount, fdc_id) VALUES ('Iron, Fe', 1.82, 2679967);
INSERT INTO food_nutrient (nutrient, amount, fdc_id) VALUES ('Potassium, K', 182, 2679967);
INSERT INTO food_nutrient (nutrient, amount, fdc_id) VALUES ('Sodium, Na', 432, 2679967);
INSERT INTO food_nutrient (nutrient, amount, fdc_id) VALUES ('Vitamin D (D2 + D3)', 0, 2679967);
INSERT INTO food_nutrient (nutrient, amount, fdc_id) VALUES ('Sugars, added', 2.3, 2679967);
INSERT INTO food_nutrient (nutrient, amount, fdc_id) VALUES ('Cholesterol', 0, 2679967);
INSERT INTO food_nutrient (nutrient, amount, fdc_id) VALUES ('Fatty acids, total trans', 0, 2679967);
INSERT INTO food_nutrient (nutrient, amount, fdc_id) VALUES ('Fatty acids, total saturated', 0, 2679967);
INSERT INTO food_nutrient (nutrient, amount, fdc_id) VALUES ('Fatty acids, total monounsaturated', 0, 2679967);
INSERT INTO food_nutrient (nutrient, amount, fdc_id) VALUES ('Fatty acids, total polyunsaturated', 0, 2679967);
INSERT INTO food_nutrient (nutrient, amount, fdc_id) VALUES ('Protein', 53.57, 2710733);
INSERT INTO food_nutrient (nutrient, amount, fdc_id) VALUES ('Total lipid (fat)', 10.71, 2710733);
INSERT INTO food_nutrient (nutrient, amount, fdc_id) VALUES ('Carbohydrate, by difference', 20.38, 2710733);
INSERT INTO food_nutrient (nutrient, amount, fdc_id) VALUES ('Energy', 392, 2710733);
INSERT INTO food_nutrient (nutrient, amount, fdc_id) VALUES ('Alcohol, ethyl', 0, 2710733);
INSERT INTO food_nutrient (nutrient, amount, fdc_id) VALUES ('Water', 8.3, 2710733);
INSERT INTO food_nutrient (nutrient, amount, fdc_id) VALUES ('Caffeine', 0, 2710733);
INSERT INTO food_nutrient (nutrient, amount, fdc_id) VALUES ('Theobromine', 0, 2710733);
INSERT INTO food_nutrient (nutrient, amount, fdc_id) VALUES ('Total Sugars', 3.57, 2710733);
INSERT INTO food_nutrient (nutrient, amount, fdc_id) VALUES ('Fiber, total dietary', 0, 2710733);
INSERT INTO food_nutrient (nutrient, amount, fdc_id) VALUES ('Calcium, Ca', 714, 2710733);
INSERT INTO food_nutrient (nutrient, amount, fdc_id) VALUES ('Iron, Fe', 22.5, 2710733);
INSERT INTO food_nutrient (nutrient, amount, fdc_id) VALUES ('Magnesium, Mg', 500, 2710733);
INSERT INTO food_nutrient (nutrient, amount, fdc_id) VALUES ('Phosphorus, P', 1429, 2710733);
INSERT INTO food_nutrient (nutrient, amount, fdc_id) VALUES ('Potassium, K', 1000, 2710733);
INSERT INTO food_nutrient (nutrient, amount, fdc_id) VALUES ('Sodium, Na', 1214, 2710733);
INSERT INTO food_nutrient (nutrient, amount, fdc_id) VALUES ('Zinc, Zn', 18.75, 2710733);
INSERT INTO food_nutrient (nutrient, amount, fdc_id) VALUES ('Copper, Cu', 2.5, 2710733);
INSERT INTO food_nutrient (nutrient, amount, fdc_id) VALUES ('Selenium, Se', 87.5, 2710733);
INSERT INTO food_nutrient (nutrient, amount, fdc_id) VALUES ('Retinol', 1875, 2710733);
INSERT INTO food_nutrient (nutrient, amount, fdc_id) VALUES ('Vitamin A, RAE', 1875, 2710733);
INSERT INTO food_nutrient (nutrient, amount, fdc_id) VALUES ('Carotene, beta', 0, 2710733);
INSERT INTO food_nutrient (nutrient, amount, fdc_id) VALUES ('Carotene, alpha', 0, 2710733);
INSERT INTO food_nutrient (nutrient, amount, fdc_id) VALUES ('Vitamin E (alpha-tocopherol)', 16.88, 2710733);
INSERT INTO food_nutrient (nutrient, amount, fdc_id) VALUES ('Vitamin D (D2 + D3)', 12.5, 2710733);
INSERT INTO food_nutrient (nutrient, amount, fdc_id) VALUES ('Cryptoxanthin, beta', 0, 2710733);
INSERT INTO food_nutrient (nutrient, amount, fdc_id) VALUES ('Lycopene', 0, 2710733);
INSERT INTO food_nutrient (nutrient, amount, fdc_id) VALUES ('Lutein + zeaxanthin', 0, 2710733);
INSERT INTO food_nutrient (nutrient, amount, fdc_id) VALUES ('Vitamin C, total ascorbic acid', 75, 2710733);
INSERT INTO food_nutrient (nutrient, amount, fdc_id) VALUES ('Thiamin', 2.143, 2710733);
INSERT INTO food_nutrient (nutrient, amount, fdc_id) VALUES ('Riboflavin', 2.125, 2710733);
INSERT INTO food_nutrient (nutrient, amount, fdc_id) VALUES ('Niacin', 25, 2710733);
INSERT INTO food_nutrient (nutrient, amount, fdc_id) VALUES ('Vitamin B-6', 2.5, 2710733);
INSERT INTO food_nutrient (nutrient, amount, fdc_id) VALUES ('Folate, total', 571, 2710733);
INSERT INTO food_nutrient (nutrient, amount, fdc_id) VALUES ('Vitamin B-12', 6.43, 2710733);
INSERT INTO food_nutrient (nutrient, amount, fdc_id) VALUES ('Choline, total', 179.7, 2710733);
INSERT INTO food_nutrient (nutrient, amount, fdc_id) VALUES ('Vitamin K (phylloquinone)', 125, 2710733);
INSERT INTO food_nutrient (nutrient, amount, fdc_id) VALUES ('Folic acid', 571, 2710733);
INSERT INTO food_nutrient (nutrient, amount, fdc_id) VALUES ('Folate, food', 0, 2710733);
INSERT INTO food_nutrient (nutrient, amount, fdc_id) VALUES ('Folate, DFE', 971, 2710733);
INSERT INTO food_nutrient (nutrient, amount, fdc_id) VALUES ('Vitamin E, added', 16.88, 2710733);
INSERT INTO food_nutrient (nutrient, amount, fdc_id) VALUES ('Vitamin B-12, added', 0, 2710733);
INSERT INTO food_nutrient (nutrient, amount, fdc_id) VALUES ('Cholesterol', 0, 2710733);
INSERT INTO food_nutrient (nutrient, amount, fdc_id) VALUES ('Fatty acids, total saturated', 0, 2710733);
INSERT INTO food_nutrient (nutrient, amount, fdc_id) VALUES ('SFA 4:0', 0, 2710733);
INSERT INTO food_nutrient (nutrient, amount, fdc_id) VALUES ('SFA 6:0', 0, 2710733);
INSERT INTO food_nutrient (nutrient, amount, fdc_id) VALUES ('SFA 8:0', 0, 2710733);
INSERT INTO food_nutrient (nutrient, amount, fdc_id) VALUES ('SFA 10:0', 0, 2710733);
INSERT INTO food_nutrient (nutrient, amount, fdc_id) VALUES ('SFA 12:0', 0, 2710733);
INSERT INTO food_nutrient (nutrient, amount, fdc_id) VALUES ('SFA 14:0', 0, 2710733);
INSERT INTO food_nutrient (nutrient, amount, fdc_id) VALUES ('SFA 16:0', 0, 2710733);
INSERT INTO food_nutrient (nutrient, amount, fdc_id) VALUES ('SFA 18:0', 0, 2710733);
INSERT INTO food_nutrient (nutrient, amount, fdc_id) VALUES ('MUFA 18:1', 2.907, 2710733);
INSERT INTO food_nutrient (nutrient, amount, fdc_id) VALUES ('PUFA 18:2', 6.478, 2710733);
INSERT INTO food_nutrient (nutrient, amount, fdc_id) VALUES ('PUFA 18:3', 0.794, 2710733);
INSERT INTO food_nutrient (nutrient, amount, fdc_id) VALUES ('PUFA 20:4', 0, 2710733);
INSERT INTO food_nutrient (nutrient, amount, fdc_id) VALUES ('PUFA 22:6 n-3 (DHA)', 0, 2710733);
INSERT INTO food_nutrient (nutrient, amount, fdc_id) VALUES ('MUFA 16:1', 0, 2710733);
INSERT INTO food_nutrient (nutrient, amount, fdc_id) VALUES ('PUFA 18:4', 0, 2710733);
INSERT INTO food_nutrient (nutrient, amount, fdc_id) VALUES ('MUFA 20:1', 0, 2710733);
INSERT INTO food_nutrient (nutrient, amount, fdc_id) VALUES ('PUFA 20:5 n-3 (EPA)', 0, 2710733);
INSERT INTO food_nutrient (nutrient, amount, fdc_id) VALUES ('MUFA 22:1', 0, 2710733);
INSERT INTO food_nutrient (nutrient, amount, fdc_id) VALUES ('PUFA 22:5 n-3 (DPA)', 0, 2710733);
INSERT INTO food_nutrient (nutrient, amount, fdc_id) VALUES ('Fatty acids, total monounsaturated', 2.907, 2710733);
INSERT INTO food_nutrient (nutrient, amount, fdc_id) VALUES ('Fatty acids, total polyunsaturated', 7.268, 2710733);
INSERT INTO food_nutrient (nutrient, amount, fdc_id) VALUES ('Protein', 15.6, 2664340);
INSERT INTO food_nutrient (nutrient, amount, fdc_id) VALUES ('Total lipid (fat)', 28.1, 2664340);
INSERT INTO food_nutrient (nutrient, amount, fdc_id) VALUES ('Carbohydrate, by difference', 46.9, 2664340);
INSERT INTO food_nutrient (nutrient, amount, fdc_id) VALUES ('Energy', 469, 2664340);
INSERT INTO food_nutrient (nutrient, amount, fdc_id) VALUES ('Total Sugars', 31.2, 2664340);
INSERT INTO food_nutrient (nutrient, amount, fdc_id) VALUES ('Fiber, total dietary', 21.9, 2664340);
INSERT INTO food_nutrient (nutrient, amount, fdc_id) VALUES ('Calcium, Ca', 62.0, 2664340);
INSERT INTO food_nutrient (nutrient, amount, fdc_id) VALUES ('Iron, Fe', 3.38, 2664340);
INSERT INTO food_nutrient (nutrient, amount, fdc_id) VALUES ('Potassium, K', 438, 2664340);
INSERT INTO food_nutrient (nutrient, amount, fdc_id) VALUES ('Sodium, Na', 0, 2664340);
INSERT INTO food_nutrient (nutrient, amount, fdc_id) VALUES ('Vitamin D (D2 + D3)', 0, 2664340);
INSERT INTO food_nutrient (nutrient, amount, fdc_id) VALUES ('Sugars, added', 15.6, 2664340);
INSERT INTO food_nutrient (nutrient, amount, fdc_id) VALUES ('Cholesterol', 0, 2664340);
INSERT INTO food_nutrient (nutrient, amount, fdc_id) VALUES ('Fatty acids, total trans', 0, 2664340);
INSERT INTO food_nutrient (nutrient, amount, fdc_id) VALUES ('Fatty acids, total saturated', 3.12, 2664340);

-- USERS
INSERT INTO user_account (email, password) VALUES ('user1@gmail.com', 'hashed_password');
INSERT INTO user_account (email, password) VALUES ('user2@gmail.com', 'hashed_password');
INSERT INTO user_account (email, password) VALUES ('user3@gmail.com', 'hashed_password');
INSERT INTO user_account (email, password) VALUES ('user4@gmail.com', 'hashed_password');
INSERT INTO user_account (email, password) VALUES ('user5@gmail.com', 'hashed_password');
INSERT INTO user_account (email, password) VALUES ('user6@gmail.com', 'hashed_password');
INSERT INTO user_account (email, password) VALUES ('user7@gmail.com', 'hashed_password');
INSERT INTO user_account (email, password) VALUES ('user8@gmail.com', 'hashed_password');
INSERT INTO user_account (email, password) VALUES ('user9@gmail.com', 'hashed_password');
INSERT INTO user_account (email, password) VALUES ('user10@gmail.com', 'hashed_password');
INSERT INTO user_account (email, password) VALUES ('user11@gmail.com', 'hashed_password');
INSERT INTO user_account (email, password) VALUES ('user12@gmail.com', 'hashed_password');
INSERT INTO user_account (email, password) VALUES ('user13@gmail.com', 'hashed_password');
INSERT INTO user_account (email, password) VALUES ('user14@gmail.com', 'hashed_password');
INSERT INTO user_account (email, password) VALUES ('user15@gmail.com', 'hashed_password');
INSERT INTO user_account (email, password) VALUES ('user16@gmail.com', 'hashed_password');
INSERT INTO user_account (email, password) VALUES ('user17@gmail.com', 'hashed_password');
INSERT INTO user_account (email, password) VALUES ('user18@gmail.com', 'hashed_password');
INSERT INTO user_account (email, password) VALUES ('user19@gmail.com', 'hashed_password');
INSERT INTO user_account (email, password) VALUES ('user20@gmail.com', 'hashed_password');
INSERT INTO user_account (email, password) VALUES ('user21@gmail.com', 'hashed_password');
INSERT INTO user_account (email, password) VALUES ('user22@gmail.com', 'hashed_password');
INSERT INTO user_account (email, password) VALUES ('user23@gmail.com', 'hashed_password');
INSERT INTO user_account (email, password) VALUES ('user24@gmail.com', 'hashed_password');
INSERT INTO user_account (email, password) VALUES ('user25@gmail.com', 'hashed_password');
INSERT INTO user_account (email, password) VALUES ('user26@gmail.com', 'hashed_password');
INSERT INTO user_account (email, password) VALUES ('user27@gmail.com', 'hashed_password');
INSERT INTO user_account (email, password) VALUES ('user28@gmail.com', 'hashed_password');
INSERT INTO user_account (email, password) VALUES ('user29@gmail.com', 'hashed_password');
INSERT INTO user_account (email, password) VALUES ('user30@gmail.com', 'hashed_password');
INSERT INTO user_account (email, password) VALUES ('user31@gmail.com', 'hashed_password');
INSERT INTO user_account (email, password) VALUES ('user32@gmail.com', 'hashed_password');
INSERT INTO user_account (email, password) VALUES ('user33@gmail.com', 'hashed_password');
INSERT INTO user_account (email, password) VALUES ('user34@gmail.com', 'hashed_password');
INSERT INTO user_account (email, password) VALUES ('user35@gmail.com', 'hashed_password');
INSERT INTO user_account (email, password) VALUES ('user36@gmail.com', 'hashed_password');
INSERT INTO user_account (email, password) VALUES ('user37@gmail.com', 'hashed_password');
INSERT INTO user_account (email, password) VALUES ('user38@gmail.com', 'hashed_password');
INSERT INTO user_account (email, password) VALUES ('user39@gmail.com', 'hashed_password');
INSERT INTO user_account (email, password) VALUES ('user40@gmail.com', 'hashed_password');
INSERT INTO user_account (email, password) VALUES ('user41@gmail.com', 'hashed_password');
INSERT INTO user_account (email, password) VALUES ('user42@gmail.com', 'hashed_password');
INSERT INTO user_account (email, password) VALUES ('user43@gmail.com', 'hashed_password');
INSERT INTO user_account (email, password) VALUES ('user44@gmail.com', 'hashed_password');
INSERT INTO user_account (email, password) VALUES ('user45@gmail.com', 'hashed_password');
INSERT INTO user_account (email, password) VALUES ('user46@gmail.com', 'hashed_password');
INSERT INTO user_account (email, password) VALUES ('user47@gmail.com', 'hashed_password');
INSERT INTO user_account (email, password) VALUES ('user48@gmail.com', 'hashed_password');
INSERT INTO user_account (email, password) VALUES ('user49@gmail.com', 'hashed_password');
INSERT INTO user_account (email, password) VALUES ('user50@gmail.com', 'hashed_password');

-- USER PREFERENCES
INSERT INTO user_preference (preference_key, preference_value, user_id) VALUES ('diet', 'none', 1);
INSERT INTO user_preference (preference_key, preference_value, user_id) VALUES ('diet', 'keto', 2);
INSERT INTO user_preference (preference_key, preference_value, user_id) VALUES ('diet', 'keto', 3);
INSERT INTO user_preference (preference_key, preference_value, user_id) VALUES ('diet', 'keto', 4);
INSERT INTO user_preference (preference_key, preference_value, user_id) VALUES ('diet', 'keto', 5);
INSERT INTO user_preference (preference_key, preference_value, user_id) VALUES ('diet', 'vegan', 6);
INSERT INTO user_preference (preference_key, preference_value, user_id) VALUES ('diet', 'none', 7);
INSERT INTO user_preference (preference_key, preference_value, user_id) VALUES ('diet', 'keto', 8);
INSERT INTO user_preference (preference_key, preference_value, user_id) VALUES ('diet', 'none', 9);
INSERT INTO user_preference (preference_key, preference_value, user_id) VALUES ('diet', 'vegan', 10);
INSERT INTO user_preference (preference_key, preference_value, user_id) VALUES ('diet', 'keto', 11);
INSERT INTO user_preference (preference_key, preference_value, user_id) VALUES ('diet', 'keto', 12);
INSERT INTO user_preference (preference_key, preference_value, user_id) VALUES ('diet', 'vegan', 13);
INSERT INTO user_preference (preference_key, preference_value, user_id) VALUES ('diet', 'vegan', 14);
INSERT INTO user_preference (preference_key, preference_value, user_id) VALUES ('diet', 'none', 15);
INSERT INTO user_preference (preference_key, preference_value, user_id) VALUES ('diet', 'keto', 16);
INSERT INTO user_preference (preference_key, preference_value, user_id) VALUES ('diet', 'none', 17);
INSERT INTO user_preference (preference_key, preference_value, user_id) VALUES ('diet', 'none', 18);
INSERT INTO user_preference (preference_key, preference_value, user_id) VALUES ('diet', 'keto', 19);
INSERT INTO user_preference (preference_key, preference_value, user_id) VALUES ('diet', 'keto', 20);
INSERT INTO user_preference (preference_key, preference_value, user_id) VALUES ('diet', 'none', 21);
INSERT INTO user_preference (preference_key, preference_value, user_id) VALUES ('diet', 'vegan', 22);
INSERT INTO user_preference (preference_key, preference_value, user_id) VALUES ('diet', 'vegan', 23);
INSERT INTO user_preference (preference_key, preference_value, user_id) VALUES ('diet', 'keto', 24);
INSERT INTO user_preference (preference_key, preference_value, user_id) VALUES ('diet', 'vegan', 25);
INSERT INTO user_preference (preference_key, preference_value, user_id) VALUES ('diet', 'none', 26);
INSERT INTO user_preference (preference_key, preference_value, user_id) VALUES ('diet', 'vegan', 27);
INSERT INTO user_preference (preference_key, preference_value, user_id) VALUES ('diet', 'none', 28);
INSERT INTO user_preference (preference_key, preference_value, user_id) VALUES ('diet', 'keto', 29);
INSERT INTO user_preference (preference_key, preference_value, user_id) VALUES ('diet', 'none', 30);
INSERT INTO user_preference (preference_key, preference_value, user_id) VALUES ('diet', 'keto', 31);
INSERT INTO user_preference (preference_key, preference_value, user_id) VALUES ('diet', 'keto', 32);
INSERT INTO user_preference (preference_key, preference_value, user_id) VALUES ('diet', 'none', 33);
INSERT INTO user_preference (preference_key, preference_value, user_id) VALUES ('diet', 'none', 34);
INSERT INTO user_preference (preference_key, preference_value, user_id) VALUES ('diet', 'vegan', 35);
INSERT INTO user_preference (preference_key, preference_value, user_id) VALUES ('diet', 'keto', 36);
INSERT INTO user_preference (preference_key, preference_value, user_id) VALUES ('diet', 'keto', 37);
INSERT INTO user_preference (preference_key, preference_value, user_id) VALUES ('diet', 'vegan', 38);
INSERT INTO user_preference (preference_key, preference_value, user_id) VALUES ('diet', 'none', 39);
INSERT INTO user_preference (preference_key, preference_value, user_id) VALUES ('diet', 'keto', 40);
INSERT INTO user_preference (preference_key, preference_value, user_id) VALUES ('diet', 'keto', 41);
INSERT INTO user_preference (preference_key, preference_value, user_id) VALUES ('diet', 'vegan', 42);
INSERT INTO user_preference (preference_key, preference_value, user_id) VALUES ('diet', 'none', 43);
INSERT INTO user_preference (preference_key, preference_value, user_id) VALUES ('diet', 'none', 44);
INSERT INTO user_preference (preference_key, preference_value, user_id) VALUES ('diet', 'keto', 45);
INSERT INTO user_preference (preference_key, preference_value, user_id) VALUES ('diet', 'none', 46);
INSERT INTO user_preference (preference_key, preference_value, user_id) VALUES ('diet', 'none', 47);
INSERT INTO user_preference (preference_key, preference_value, user_id) VALUES ('diet', 'none', 48);
INSERT INTO user_preference (preference_key, preference_value, user_id) VALUES ('diet', 'none', 49);
INSERT INTO user_preference (preference_key, preference_value, user_id) VALUES ('diet', 'vegan', 50);

-- SAVED COMPARISON FOOD
INSERT INTO saved_comparison_food (sort_order, fdc_id, user_id) VALUES (1, 2679967, 11);
INSERT INTO saved_comparison_food (sort_order, fdc_id, user_id) VALUES (2, 2533750, 39);
INSERT INTO saved_comparison_food (sort_order, fdc_id, user_id) VALUES (3, 2265120, 4);
INSERT INTO saved_comparison_food (sort_order, fdc_id, user_id) VALUES (4, 2504695, 30);
INSERT INTO saved_comparison_food (sort_order, fdc_id, user_id) VALUES (5, 2644274, 33);
INSERT INTO saved_comparison_food (sort_order, fdc_id, user_id) VALUES (6, 2353612, 18);
INSERT INTO saved_comparison_food (sort_order, fdc_id, user_id) VALUES (7, 2644273, 50);
INSERT INTO saved_comparison_food (sort_order, fdc_id, user_id) VALUES (8, 2353613, 20);
INSERT INTO saved_comparison_food (sort_order, fdc_id, user_id) VALUES (9, 2664340, 41);
INSERT INTO saved_comparison_food (sort_order, fdc_id, user_id) VALUES (10, 579621, 27);
INSERT INTO saved_comparison_food (sort_order, fdc_id, user_id) VALUES (11, 579621, 32);
INSERT INTO saved_comparison_food (sort_order, fdc_id, user_id) VALUES (12, 2644276, 16);
INSERT INTO saved_comparison_food (sort_order, fdc_id, user_id) VALUES (13, 2373862, 23);
INSERT INTO saved_comparison_food (sort_order, fdc_id, user_id) VALUES (14, 2533750, 38);
INSERT INTO saved_comparison_food (sort_order, fdc_id, user_id) VALUES (15, 2389933, 26);
INSERT INTO saved_comparison_food (sort_order, fdc_id, user_id) VALUES (16, 1105902, 28);
INSERT INTO saved_comparison_food (sort_order, fdc_id, user_id) VALUES (17, 1903579, 8);
INSERT INTO saved_comparison_food (sort_order, fdc_id, user_id) VALUES (18, 2710733, 44);
INSERT INTO saved_comparison_food (sort_order, fdc_id, user_id) VALUES (19, 2644273, 6);
INSERT INTO saved_comparison_food (sort_order, fdc_id, user_id) VALUES (20, 2353612, 10);
INSERT INTO saved_comparison_food (sort_order, fdc_id, user_id) VALUES (21, 579621, 39);
INSERT INTO saved_comparison_food (sort_order, fdc_id, user_id) VALUES (22, 172900, 31);
INSERT INTO saved_comparison_food (sort_order, fdc_id, user_id) VALUES (23, 2265120, 19);
INSERT INTO saved_comparison_food (sort_order, fdc_id, user_id) VALUES (24, 2664340, 43);
INSERT INTO saved_comparison_food (sort_order, fdc_id, user_id) VALUES (25, 2265120, 35);
INSERT INTO saved_comparison_food (sort_order, fdc_id, user_id) VALUES (26, 174545, 42);
INSERT INTO saved_comparison_food (sort_order, fdc_id, user_id) VALUES (27, 2504695, 14);
INSERT INTO saved_comparison_food (sort_order, fdc_id, user_id) VALUES (28, 2265120, 50);
INSERT INTO saved_comparison_food (sort_order, fdc_id, user_id) VALUES (29, 2644274, 16);
INSERT INTO saved_comparison_food (sort_order, fdc_id, user_id) VALUES (30, 172899, 36);
INSERT INTO saved_comparison_food (sort_order, fdc_id, user_id) VALUES (31, 2353616, 25);
INSERT INTO saved_comparison_food (sort_order, fdc_id, user_id) VALUES (32, 174545, 1);
INSERT INTO saved_comparison_food (sort_order, fdc_id, user_id) VALUES (33, 2644273, 45);
INSERT INTO saved_comparison_food (sort_order, fdc_id, user_id) VALUES (34, 172899, 27);
INSERT INTO saved_comparison_food (sort_order, fdc_id, user_id) VALUES (35, 172900, 37);
INSERT INTO saved_comparison_food (sort_order, fdc_id, user_id) VALUES (36, 2504695, 6);
INSERT INTO saved_comparison_food (sort_order, fdc_id, user_id) VALUES (37, 2353612, 37);
INSERT INTO saved_comparison_food (sort_order, fdc_id, user_id) VALUES (38, 2644276, 15);
INSERT INTO saved_comparison_food (sort_order, fdc_id, user_id) VALUES (39, 2353612, 23);
INSERT INTO saved_comparison_food (sort_order, fdc_id, user_id) VALUES (40, 2265120, 6);
INSERT INTO saved_comparison_food (sort_order, fdc_id, user_id) VALUES (41, 172899, 27);
INSERT INTO saved_comparison_food (sort_order, fdc_id, user_id) VALUES (42, 1903579, 46);
INSERT INTO saved_comparison_food (sort_order, fdc_id, user_id) VALUES (43, 2373862, 11);
INSERT INTO saved_comparison_food (sort_order, fdc_id, user_id) VALUES (44, 2353613, 40);
INSERT INTO saved_comparison_food (sort_order, fdc_id, user_id) VALUES (45, 2353613, 14);
INSERT INTO saved_comparison_food (sort_order, fdc_id, user_id) VALUES (46, 579621, 14);
INSERT INTO saved_comparison_food (sort_order, fdc_id, user_id) VALUES (47, 2644273, 11);
INSERT INTO saved_comparison_food (sort_order, fdc_id, user_id) VALUES (48, 2644276, 47);
INSERT INTO saved_comparison_food (sort_order, fdc_id, user_id) VALUES (49, 174545, 38);
INSERT INTO saved_comparison_food (sort_order, fdc_id, user_id) VALUES (50, 2504695, 12);
INSERT INTO saved_comparison_food (sort_order, fdc_id, user_id) VALUES (51, 2664340, 5);
INSERT INTO saved_comparison_food (sort_order, fdc_id, user_id) VALUES (52, 2664340, 32);
INSERT INTO saved_comparison_food (sort_order, fdc_id, user_id) VALUES (53, 1105902, 26);
INSERT INTO saved_comparison_food (sort_order, fdc_id, user_id) VALUES (54, 2353612, 48);
INSERT INTO saved_comparison_food (sort_order, fdc_id, user_id) VALUES (55, 2644273, 34);
INSERT INTO saved_comparison_food (sort_order, fdc_id, user_id) VALUES (56, 172900, 50);
INSERT INTO saved_comparison_food (sort_order, fdc_id, user_id) VALUES (57, 2533750, 37);
INSERT INTO saved_comparison_food (sort_order, fdc_id, user_id) VALUES (58, 2353612, 33);
INSERT INTO saved_comparison_food (sort_order, fdc_id, user_id) VALUES (59, 172899, 22);
INSERT INTO saved_comparison_food (sort_order, fdc_id, user_id) VALUES (60, 174545, 44);
INSERT INTO saved_comparison_food (sort_order, fdc_id, user_id) VALUES (61, 2389933, 21);
INSERT INTO saved_comparison_food (sort_order, fdc_id, user_id) VALUES (62, 2504695, 34);
INSERT INTO saved_comparison_food (sort_order, fdc_id, user_id) VALUES (63, 2265120, 20);
INSERT INTO saved_comparison_food (sort_order, fdc_id, user_id) VALUES (64, 2533750, 9);
INSERT INTO saved_comparison_food (sort_order, fdc_id, user_id) VALUES (65, 1903579, 16);
INSERT INTO saved_comparison_food (sort_order, fdc_id, user_id) VALUES (66, 2353612, 4);
INSERT INTO saved_comparison_food (sort_order, fdc_id, user_id) VALUES (67, 2353613, 11);
INSERT INTO saved_comparison_food (sort_order, fdc_id, user_id) VALUES (68, 172899, 40);
INSERT INTO saved_comparison_food (sort_order, fdc_id, user_id) VALUES (69, 1903579, 4);
INSERT INTO saved_comparison_food (sort_order, fdc_id, user_id) VALUES (70, 2644274, 12);
INSERT INTO saved_comparison_food (sort_order, fdc_id, user_id) VALUES (71, 2710733, 41);
INSERT INTO saved_comparison_food (sort_order, fdc_id, user_id) VALUES (72, 2265120, 41);
INSERT INTO saved_comparison_food (sort_order, fdc_id, user_id) VALUES (73, 1105902, 41);
INSERT INTO saved_comparison_food (sort_order, fdc_id, user_id) VALUES (74, 2389933, 19);
INSERT INTO saved_comparison_food (sort_order, fdc_id, user_id) VALUES (75, 2533750, 1);
INSERT INTO saved_comparison_food (sort_order, fdc_id, user_id) VALUES (76, 1105902, 48);
INSERT INTO saved_comparison_food (sort_order, fdc_id, user_id) VALUES (77, 172899, 7);
INSERT INTO saved_comparison_food (sort_order, fdc_id, user_id) VALUES (78, 172900, 15);
INSERT INTO saved_comparison_food (sort_order, fdc_id, user_id) VALUES (79, 2644273, 20);
INSERT INTO saved_comparison_food (sort_order, fdc_id, user_id) VALUES (80, 1903579, 4);
INSERT INTO saved_comparison_food (sort_order, fdc_id, user_id) VALUES (81, 2664340, 19);
INSERT INTO saved_comparison_food (sort_order, fdc_id, user_id) VALUES (82, 2353612, 8);
INSERT INTO saved_comparison_food (sort_order, fdc_id, user_id) VALUES (83, 2644273, 38);
INSERT INTO saved_comparison_food (sort_order, fdc_id, user_id) VALUES (84, 2664340, 48);
INSERT INTO saved_comparison_food (sort_order, fdc_id, user_id) VALUES (85, 1903579, 38);
INSERT INTO saved_comparison_food (sort_order, fdc_id, user_id) VALUES (86, 1903579, 49);
INSERT INTO saved_comparison_food (sort_order, fdc_id, user_id) VALUES (87, 2664340, 46);
INSERT INTO saved_comparison_food (sort_order, fdc_id, user_id) VALUES (88, 172900, 16);
INSERT INTO saved_comparison_food (sort_order, fdc_id, user_id) VALUES (89, 2353616, 43);
INSERT INTO saved_comparison_food (sort_order, fdc_id, user_id) VALUES (90, 172900, 43);
INSERT INTO saved_comparison_food (sort_order, fdc_id, user_id) VALUES (91, 2353613, 20);
INSERT INTO saved_comparison_food (sort_order, fdc_id, user_id) VALUES (92, 579621, 18);
INSERT INTO saved_comparison_food (sort_order, fdc_id, user_id) VALUES (93, 172900, 20);
INSERT INTO saved_comparison_food (sort_order, fdc_id, user_id) VALUES (94, 172899, 4);
INSERT INTO saved_comparison_food (sort_order, fdc_id, user_id) VALUES (95, 2373862, 7);
INSERT INTO saved_comparison_food (sort_order, fdc_id, user_id) VALUES (96, 1903579, 18);
INSERT INTO saved_comparison_food (sort_order, fdc_id, user_id) VALUES (97, 1903579, 32);
INSERT INTO saved_comparison_food (sort_order, fdc_id, user_id) VALUES (98, 2644274, 37);
INSERT INTO saved_comparison_food (sort_order, fdc_id, user_id) VALUES (99, 2710733, 24);
INSERT INTO saved_comparison_food (sort_order, fdc_id, user_id) VALUES (100, 2644274, 9);
